"State","Congressional District","Percent of Households with SNAP","Percent Margin of Error (Â±)"
"New York","Congressional District 15","0.484065532684326","0.0148184606805444"
"New York","Congressional District 13","0.311466842889786","0.0165068674832582"
"Michigan","Congressional District 13","0.305911839008331","0.0131638087332249"
"Florida","Congressional District 24","0.286130845546722","0.0168669763952494"
"Texas","Congressional District 15","0.257438451051712","0.0172820724546909"
"New York","Congressional District 7","0.256934225559235","0.0146429110318422"
"Florida","Congressional District 25","0.252119183540344","0.013722182251513"
"Ohio","Congressional District 11","0.250951141119003","0.0100536001846194"
"Kentucky","Congressional District 5","0.246909365057945","0.0128093315288424"
"California","Congressional District 16","0.244172424077988","0.0139540554955602"
"New York","Congressional District 8","0.241229221224785","0.0131911728531122"
"Georgia","Congressional District 2","0.231841340661049","0.0134996753185987"
"Pennsylvania","Congressional District 1","0.231588765978813","0.0150487534701824"
"Texas","Congressional District 28","0.231431692838669","0.0150961689651012"
"Florida","Congressional District 26","0.230526685714722","0.0131731508299708"
"Louisiana","Congressional District 2","0.228672221302986","0.0129919862374663"
"Illinois","Congressional District 2","0.225092813372612","0.0124065326526761"
"Texas","Congressional District 34","0.224383071064949","0.0164145287126303"
"Arizona","Congressional District 7","0.221490934491158","0.0129305170848966"
"Mississippi","Congressional District 2","0.219775184988976","0.0138718308880925"
"Alabama","Congressional District 7","0.219097465276718","0.0129693131893873"
"Florida","Congressional District 5","0.218652278184891","0.0154682397842407"
"Tennessee","Congressional District 9","0.218309611082077","0.0115832211449742"
"Florida","Congressional District 27","0.217665314674377","0.0127942329272628"
"Wisconsin","Congressional District 4","0.217574805021286","0.0112198581919074"
"Michigan","Congressional District 14","0.217098891735077","0.0111149586737156"
"New York","Congressional District 9","0.216303497552872","0.0117142032831907"
"Florida","Congressional District 20","0.216098755598068","0.0109298098832369"
"West Virginia","Congressional District 3","0.215630263090134","0.0131827378645539"
"California","Congressional District 21","0.21526525914669","0.0177783295512199"
"Texas","Congressional District 18","0.212333932518959","0.0142528023570776"
"New Mexico","Congressional District 2","0.212235301733017","0.0130511419847608"
"Texas","Congressional District 29","0.211991429328918","0.0161590781062841"
"Ohio","Congressional District 9","0.211982697248459","0.0112423384562135"
"Illinois","Congressional District 1","0.208678215742111","0.00966124981641769"
"Illinois","Congressional District 7","0.208349868655205","0.0109656853601336"
"Nevada","Congressional District 1","0.20468744635582","0.0141255650669336"
"Massachusetts","Congressional District 1","0.20406948029995","0.0127505883574486"
"Pennsylvania","Congressional District 2","0.203169137239456","0.0132124563679099"
"Arizona","Congressional District 3","0.201860725879669","0.0147175258025527"
"Washington","Congressional District 4","0.19466832280159","0.0134678445756435"
"South Carolina","Congressional District 6","0.194457918405533","0.014303395524621"
"New York","Congressional District 26","0.192545875906944","0.0107043832540512"
"Maryland","Congressional District 7","0.19218447804451","0.0121406139805913"
"Louisiana","Congressional District 5","0.190850898623466","0.0127558978274465"
"Michigan","Congressional District 5","0.189142301678658","0.0104163428768516"
"Texas","Congressional District 9","0.188876539468765","0.0133301727473736"
"Missouri","Congressional District 1","0.188446789979935","0.0124106584116817"
"California","Congressional District 51","0.185902401804924","0.0165912602096796"
"Oregon","Congressional District 4","0.185121700167656","0.0110423415899277"
"Texas","Congressional District 30","0.184634625911713","0.013262796215713"
"Illinois","Congressional District 4","0.184502080082893","0.0141092101112008"
"Texas","Congressional District 33","0.182877868413925","0.0142871299758554"
"Pennsylvania","Congressional District 14","0.182499527931213","0.0127750542014837"
"Texas","Congressional District 16","0.181842938065529","0.0149724269285798"
"Massachusetts","Congressional District 7","0.181557297706604","0.0113906050100923"
"Missouri","Congressional District 8","0.181551054120064","0.0106474235653877"
"North Carolina","Congressional District 1","0.181167080998421","0.0116748297587037"
"California","Congressional District 40","0.180390626192093","0.0128949694335461"
"Florida","Congressional District 9","0.180186361074448","0.0142598086968064"
"Illinois","Congressional District 17","0.178696691989899","0.0104315103963017"
"Rhode Island","Congressional District 1","0.178100734949112","0.013551720418036"
"Louisiana","Congressional District 4","0.176845207810402","0.0119606386870146"
"California","Congressional District 22","0.175638198852539","0.0132577260956168"
"Ohio","Congressional District 3","0.174965664744377","0.0109951701015234"
"Oregon","Congressional District 2","0.174373656511307","0.0120650231838226"
"Georgia","Congressional District 5","0.172755241394043","0.0118028922006488"
"Florida","Congressional District 10","0.170178130269051","0.0136952307075262"
"New York","Congressional District 5","0.170090034604073","0.0118681518360972"
"California","Congressional District 8","0.170070916414261","0.0160243343561888"
"Oklahoma","Congressional District 2","0.169748738408089","0.00790375098586082"
"Georgia","Congressional District 12","0.169577613472939","0.0138177489861846"
"New Jersey","Congressional District 10","0.168268814682961","0.0132589126005769"
"Pennsylvania","Congressional District 9","0.166679307818413","0.00916657689958811"
"Illinois","Congressional District 12","0.165463373064995","0.0112778516486287"
"Ohio","Congressional District 13","0.165378138422966","0.0117997154593468"
"Ohio","Congressional District 6","0.163580924272537","0.0110226878896356"
"Pennsylvania","Congressional District 17","0.163437962532043","0.0115308677777648"
"California","Congressional District 44","0.163192138075829","0.0124461418017745"
"New York","Congressional District 25","0.16277477145195","0.00909246131777763"
"New Mexico","Congressional District 3","0.16123166680336","0.0108946533873677"
"Texas","Congressional District 23","0.160638555884361","0.0156440194696188"
"Maine","Congressional District 2","0.16051883995533","0.00955045409500599"
"Texas","Congressional District 27","0.159287020564079","0.0120656415820122"
"South Carolina","Congressional District 7","0.158195421099663","0.0130276437848806"
"Alabama","Congressional District 2","0.158136293292046","0.010844754986465"
"Pennsylvania","Congressional District 3","0.157387673854828","0.0100589515641332"
"Louisiana","Congressional District 3","0.157233417034149","0.0133925275877118"
"Tennessee","Congressional District 1","0.156749606132507","0.011817054823041"
"Oregon","Congressional District 3","0.15595018863678","0.0104624899104238"
"New York","Congressional District 14","0.154903948307037","0.0137028088793159"
"Connecticut","Congressional District 5","0.153790682554245","0.0123644331470132"
"New York","Congressional District 22","0.153429388999939","0.0106838122010231"
"West Virginia","Congressional District 2","0.153072878718376","0.0109734497964382"
"Georgia","Congressional District 8","0.152626141905785","0.0111210979521275"
"North Carolina","Congressional District 3","0.152291566133499","0.0114531582221389"
"New Mexico","Congressional District 1","0.150934398174286","0.0157203078269958"
"Arkansas","Congressional District 1","0.150851562619209","0.010391085408628"
"Washington","Congressional District 3","0.150610819458961","0.0103491703048348"
"Mississippi","Congressional District 4","0.150470927357674","0.0144425528123975"
"Florida","Congressional District 14","0.150014951825142","0.010873943567276"
"Texas","Congressional District 35","0.149840280413628","0.0107598751783371"
"Arkansas","Congressional District 4","0.148235335946083","0.00985078606754541"
"New Jersey","Congressional District 9","0.148003846406937","0.00949335750192404"
"California","Congressional District 31","0.147975564002991","0.0114405862987041"
"Georgia","Congressional District 4","0.147640198469162","0.0150010418146849"
"Washington","Congressional District 5","0.147376179695129","0.010716094635427"
"Oregon","Congressional District 5","0.146938979625702","0.0103234704583883"
"New Jersey","Congressional District 8","0.14650896191597","0.0118786096572876"
"Tennessee","Congressional District 3","0.146240636706352","0.0108983414247632"
"Illinois","Congressional District 15","0.146033525466919","0.0106669086962938"
"Indiana","Congressional District 7","0.14433816075325","0.013303704559803"
"Texas","Congressional District 14","0.144225046038628","0.0125183658674359"
"Connecticut","Congressional District 1","0.143982023000717","0.0118297254666686"
"Texas","Congressional District 1","0.143363460898399","0.0123741244897246"
"North Carolina","Congressional District 7","0.142799153923988","0.0102987317368388"
"New York","Congressional District 24","0.142540380358696","0.00989703740924597"
"California","Congressional District 35","0.141584828495979","0.0127259688451886"
"North Carolina","Congressional District 9","0.141262575984001","0.00890004727989435"
"Alabama","Congressional District 3","0.140104055404663","0.0128253437578678"
"Georgia","Congressional District 1","0.139937490224838","0.0119053656235337"
"Alabama","Congressional District 4","0.139572784304619","0.010310391895473"
"Massachusetts","Congressional District 3","0.138017565011978","0.00993498973548412"
"Pennsylvania","Congressional District 13","0.137922540307045","0.0132689420133829"
"California","Congressional District 6","0.137880086898804","0.0126550551503897"
"Arizona","Congressional District 1","0.137364119291306","0.00911627616733313"
"Nevada","Congressional District 4","0.137102425098419","0.0113163236528635"
"Kentucky","Congressional District 1","0.13703890144825","0.00944504048675299"
"Tennessee","Congressional District 8","0.136784538626671","0.011474309489131"
"New York","Congressional District 23","0.136781588196754","0.00856105424463749"
"Ohio","Congressional District 10","0.136281907558441","0.00986278615891933"
"Georgia","Congressional District 13","0.135199651122093","0.0142121501266956"
"Alabama","Congressional District 1","0.135149747133255","0.0120342448353767"
"Virginia","Congressional District 3","0.134605601429939","0.0101222917437553"
"Washington","Congressional District 10","0.134526520967484","0.0115676764398813"
"Oklahoma","Congressional District 5","0.134306132793427","0.00889920257031918"
"Washington","Congressional District 6","0.134244620800018","0.0100700920447707"
"West Virginia","Congressional District 1","0.134042233228683","0.00938849244266748"
"New York","Congressional District 11","0.133893370628357","0.00987155362963676"
"Florida","Congressional District 2","0.13368147611618","0.0133240446448326"
"Pennsylvania","Congressional District 5","0.133389562368393","0.00922404415905476"
"Illinois","Congressional District 13","0.13323949277401","0.0103173516690731"
"Florida","Congressional District 15","0.132876813411713","0.0118982261046767"
"North Carolina","Congressional District 6","0.132743328809738","0.00938570685684681"
"Pennsylvania","Congressional District 16","0.132545948028564","0.00962666422128677"
"Texas","Congressional District 20","0.131999358534813","0.0115507021546364"
"Maryland","Congressional District 2","0.13194964826107","0.00934320129454136"
"District of Columbia","Delegate District (at Large)","0.131858959794044","0.00970789417624474"
"New York","Congressional District 21","0.131559416651726","0.0092368246987462"
"South Carolina","Congressional District 3","0.131364107131958","0.0113033205270767"
"Texas","Congressional District 36","0.130509048700333","0.0137992985546589"
"Texas","Congressional District 19","0.130466818809509","0.0127676632255316"
"Rhode Island","Congressional District 2","0.129949063062668","0.0139443492516875"
"Florida","Congressional District 3","0.129382491111755","0.0116827832534909"
"Kentucky","Congressional District 6","0.129105776548386","0.00905635673552752"
"Louisiana","Congressional District 6","0.128912746906281","0.0121772792190313"
"North Carolina","Congressional District 13","0.128144413232803","0.00977020990103483"
"Mississippi","Congressional District 3","0.127958074212074","0.00895167980343103"
"Connecticut","Congressional District 3","0.127886772155762","0.0111873019486666"
"Washington","Congressional District 9","0.127338573336601","0.0105341952294111"
"Virginia","Congressional District 9","0.127191483974457","0.0115210842341185"
"California","Congressional District 9","0.127090469002724","0.0113006606698036"
"Hawaii","Congressional District 2","0.127084195613861","0.0103232292458415"
"California","Congressional District 46","0.126868322491646","0.0114109581336379"
"California","Congressional District 23","0.126629933714867","0.0127412676811218"
"Florida","Congressional District 6","0.126004844903946","0.0109940180554986"
"Texas","Congressional District 5","0.125995427370071","0.0128161581233144"
"New York","Congressional District 16","0.124920092523098","0.0107353245839477"
"California","Congressional District 34","0.124902367591858","0.00934656336903572"
"Virginia","Congressional District 4","0.124834716320038","0.0103189153596759"
"Kentucky","Congressional District 3","0.124771267175674","0.00959721207618713"
"Michigan","Congressional District 12","0.124607801437378","0.00914153922349215"
"Michigan","Congressional District 4","0.124282345175743","0.00768717052415013"
"Alabama","Congressional District 5","0.123657785356045","0.0102786980569363"
"North Carolina","Congressional District 10","0.123090296983719","0.0111478520557284"
"Ohio","Congressional District 1","0.122455038130283","0.00881784595549107"
"South Carolina","Congressional District 5","0.122101604938507","0.0101372795179486"
"Georgia","Congressional District 10","0.121644750237465","0.010764891281724"
"Texas","Congressional District 17","0.121171936392784","0.0111765218898654"
"New Jersey","Congressional District 2","0.120805263519287","0.0114566432312131"
"Ohio","Congressional District 2","0.120757251977921","0.00899126008152962"
"Texas","Congressional District 4","0.120629020035267","0.0114828143268824"
"California","Congressional District 41","0.120483867824078","0.0116532929241657"
"Oklahoma","Congressional District 1","0.120009057223797","0.00683174841105938"
"Florida","Congressional District 1","0.119465902447701","0.0105368718504906"
"Tennessee","Congressional District 4","0.119413442909718","0.0104749267920852"
"Oklahoma","Congressional District 3","0.119355276226997","0.00744001846760511"
"Mississippi","Congressional District 1","0.119194895029068","0.00974273588508368"
"Arizona","Congressional District 2","0.118860401213169","0.00991955492645502"
"Pennsylvania","Congressional District 10","0.118631847202778","0.00979257933795452"
"Missouri","Congressional District 7","0.118497520685196","0.0105431880801916"
"Georgia","Congressional District 14","0.118368655443192","0.01237478479743"
"North Carolina","Congressional District 5","0.118263572454453","0.00901422556489706"
"New York","Congressional District 10","0.118034645915031","0.0120628932490945"
"Tennessee","Congressional District 2","0.11771933734417","0.00978664588183165"
"Michigan","Congressional District 6","0.117176212370396","0.0100861620157957"
"Oklahoma","Congressional District 4","0.117091588675976","0.0101750809699297"
"Ohio","Congressional District 4","0.117043286561966","0.00847987737506628"
"Ohio","Congressional District 7","0.116965726017952","0.00966843869537115"
"Minnesota","Congressional District 5","0.116765268146992","0.0094240615144372"
"Colorado","Congressional District 3","0.11575398594141","0.00917592737823725"
"Texas","Congressional District 13","0.115588031709194","0.00923351384699345"
"California","Congressional District 10","0.115537829697132","0.00973467715084553"
"Washington","Congressional District 2","0.115530379116535","0.00974022690206766"
"North Carolina","Congressional District 8","0.115048408508301","0.0108076501637697"
"Vermont","Congressional District (at Large)","0.114975310862064","0.0095653785392642"
"Georgia","Congressional District 3","0.114891655743122","0.0112240286543965"
"Georgia","Congressional District 9","0.114872433245182","0.00994047243148088"
"New York","Congressional District 20","0.114763058722019","0.0097212390974164"
"Michigan","Congressional District 9","0.114447385072708","0.00912453606724739"
"California","Congressional District 3","0.114174917340279","0.0100308246910572"
"Illinois","Congressional District 16","0.113871105015278","0.00892820861190557"
"Tennessee","Congressional District 7","0.113243333995342","0.00924163591116667"
"Michigan","Congressional District 1","0.113230735063553","0.00858224090188742"
"Tennessee","Congressional District 6","0.112819492816925","0.0101201049983501"
"Florida","Congressional District 12","0.1115867421031","0.0100806811824441"
"Illinois","Congressional District 11","0.110941126942635","0.0112338718026876"
"Pennsylvania","Congressional District 15","0.110791303217411","0.00919085554778576"
"Indiana","Congressional District 1","0.110680386424065","0.00998278986662626"
"California","Congressional District 29","0.110626079142094","0.010033699683845"
"Illinois","Congressional District 3","0.110588930547237","0.0109622161835432"
"Pennsylvania","Congressional District 12","0.110550820827484","0.00711287697777152"
"Kentucky","Congressional District 2","0.110245771706104","0.00920594483613968"
"Michigan","Congressional District 3","0.110059447586536","0.00884614419192076"
"Missouri","Congressional District 5","0.109690614044666","0.00901002064347267"
"North Carolina","Congressional District 12","0.109682194888592","0.00984207261353731"
"Florida","Congressional District 13","0.10962538421154","0.00820182822644711"
"Ohio","Congressional District 15","0.109164759516716","0.00885351747274399"
"California","Congressional District 1","0.109134778380394","0.00983406975865364"
"Louisiana","Congressional District 1","0.108940303325653","0.0104553168639541"
"Florida","Congressional District 11","0.108890205621719","0.00905038416385651"
"North Carolina","Congressional District 11","0.108765922486782","0.00889181904494762"
"Wisconsin","Congressional District 1","0.108583547174931","0.0100177945569158"
"Massachusetts","Congressional District 2","0.108393490314484","0.0088889030739665"
"Florida","Congressional District 17","0.108346283435822","0.00946461968123913"
"Wisconsin","Congressional District 7","0.108295172452927","0.00569179933518171"
"Alaska","Congressional District (at Large)","0.108039766550064","0.00949967559427023"
"New York","Congressional District 19","0.107261054217815","0.0090489462018013"
"New Jersey","Congressional District 1","0.107072927057743","0.00972558930516243"
"Ohio","Congressional District 8","0.106800891458988","0.00869043730199337"
"Kansas","Congressional District 4","0.106454648077488","0.00994634628295898"
"Oregon","Congressional District 1","0.105979830026627","0.00960316974669695"
"South Carolina","Congressional District 4","0.105716615915298","0.0103770447894931"
"Kentucky","Congressional District 4","0.105605728924274","0.00896785128861666"
"Maryland","Congressional District 6","0.105471573770046","0.0100725842639804"
"Pennsylvania","Congressional District 11","0.105435483157635","0.00713656237348914"
"Pennsylvania","Congressional District 4","0.104986391961575","0.00925193354487419"
"California","Congressional District 43","0.104681596159935","0.0108572989702225"
"Michigan","Congressional District 2","0.104553051292896","0.00797111913561821"
"Delaware","Congressional District (at Large)","0.103828325867653","0.00790231209248304"
"Missouri","Congressional District 4","0.103392615914345","0.00864333100616932"
"Virginia","Congressional District 6","0.102998703718185","0.0099503006786108"
"Maryland","Congressional District 1","0.102775409817696","0.00976549834012985"
"Massachusetts","Congressional District 9","0.102364577353001","0.00910470262169838"
"Tennessee","Congressional District 5","0.102183490991592","0.00890455860644579"
"Minnesota","Congressional District 4","0.101966083049774","0.00892836600542068"
"Arizona","Congressional District 4","0.101854771375656","0.0108565837144852"
"Michigan","Congressional District 7","0.100363038480282","0.00749994209036231"
"Iowa","Congressional District 2","0.100287370383739","0.00702300947159529"
"South Carolina","Congressional District 2","0.100149005651474","0.00904031004756689"
"Iowa","Congressional District 3","0.0997694581747055","0.00904510542750359"
"Washington","Congressional District 8","0.0993782505393028","0.00906102918088436"
"Wisconsin","Congressional District 3","0.0988024920225143","0.00724973483011127"
"Indiana","Congressional District 8","0.0985970422625542","0.00921003147959709"
"Idaho","Congressional District 2","0.0981217846274376","0.00908524822443724"
"Maine","Congressional District 1","0.0979402363300323","0.00877773109823465"
"Massachusetts","Congressional District 8","0.0972086191177368","0.0101690758019686"
"Minnesota","Congressional District 8","0.0969393476843834","0.00738008273765445"
"Idaho","Congressional District 1","0.0968061238527298","0.00905540306121111"
"Indiana","Congressional District 6","0.0965661555528641","0.00898203812539577"
"New York","Congressional District 6","0.0964116677641869","0.0112551208585501"
"Florida","Congressional District 8","0.0959219634532928","0.00973173417150974"
"Florida","Congressional District 21","0.0956923887133598","0.00781178846955299"
"Wisconsin","Congressional District 6","0.0953501611948013","0.00667818868532777"
"Florida","Congressional District 7","0.094957523047924","0.0116206211969256"
"Texas","Congressional District 11","0.0947842448949814","0.00849869288504124"
"Illinois","Congressional District 8","0.0945693328976631","0.0107753509655595"
"Illinois","Congressional District 10","0.0942994505167007","0.0103000560775399"
"Montana","Congressional District (at Large)","0.0938545167446136","0.00796861760318279"
"Colorado","Congressional District 5","0.0935355722904205","0.00762667553499341"
"Michigan","Congressional District 10","0.0935126021504402","0.00741898687556386"
"Nevada","Congressional District 2","0.0934795066714287","0.00930602662265301"
"Iowa","Congressional District 1","0.0928705409169197","0.00798807945102453"
"Virginia","Congressional District 5","0.0927307233214378","0.0104030976071954"
"Nebraska","Congressional District 2","0.0917975157499313","0.00748678483068943"
"California","Congressional District 36","0.0912833362817764","0.008192403241992"
"California","Congressional District 47","0.0912673771381378","0.00865155272185802"
"Illinois","Congressional District 18","0.0911472886800766","0.00845692120492458"
"Indiana","Congressional District 3","0.0905429571866989","0.00898177642375231"
"New York","Congressional District 27","0.0904874503612518","0.00798369385302067"
"Iowa","Congressional District 4","0.0903921276330948","0.00654716230928898"
"Ohio","Congressional District 5","0.0901013538241386","0.00942316837608814"
"Arkansas","Congressional District 3","0.0899603739380836","0.00784325879067183"
"Pennsylvania","Congressional District 18","0.0898775905370712","0.00806363485753536"
"North Carolina","Congressional District 2","0.0893886238336563","0.00968464370816946"
"Arkansas","Congressional District 2","0.0888432636857033","0.00935673341155052"
"South Dakota","Congressional District (at Large)","0.0887788310647011","0.00747948326170444"
"Connecticut","Congressional District 2","0.088615320622921","0.00888562481850386"
"Massachusetts","Congressional District 6","0.0878290385007858","0.00763885118067265"
"Florida","Congressional District 16","0.0876541584730148","0.00813974719494581"
"Hawaii","Congressional District 1","0.0875517576932907","0.0102230319753289"
"Indiana","Congressional District 2","0.0874705016613007","0.00867190398275852"
"Florida","Congressional District 23","0.0874425992369652","0.0114269880577922"
"Illinois","Congressional District 9","0.0873808935284615","0.00864028185606003"
"California","Congressional District 7","0.0863706991076469","0.0086610522121191"
"Connecticut","Congressional District 4","0.0861842110753059","0.0097053088247776"
"Kansas","Congressional District 2","0.086168460547924","0.00834608543664217"
"Michigan","Congressional District 8","0.0861136391758919","0.00750127248466015"
"Texas","Congressional District 12","0.0860718786716461","0.00895356945693493"
"Florida","Congressional District 18","0.0855774879455566","0.00893386267125607"
"California","Congressional District 37","0.0842917039990425","0.0101344576105475"
"Ohio","Congressional District 12","0.0840844213962555","0.00902317557483912"
"Maryland","Congressional District 4","0.0839367881417274","0.00893410108983517"
"Utah","Congressional District 2","0.0830063074827194","0.00981838069856167"
"Wisconsin","Congressional District 2","0.0822111293673515","0.00710549345239997"
"Nebraska","Congressional District 3","0.0819156095385551","0.00809665210545063"
"Wisconsin","Congressional District 8","0.0815269723534584","0.00636920798569918"
"New Jersey","Congressional District 6","0.0808467194437981","0.0100472727790475"
"Arizona","Congressional District 9","0.0800336897373199","0.0088591305539012"
"California","Congressional District 20","0.0800101682543755","0.00879113934934139"
"New York","Congressional District 17","0.0794993415474892","0.00914077926427126"
"Maryland","Congressional District 3","0.0786989256739616","0.00989536382257938"
"Indiana","Congressional District 9","0.0785330310463905","0.00684104859828949"
"Minnesota","Congressional District 7","0.0782117620110512","0.00654621282592416"
"Colorado","Congressional District 4","0.0777124539017677","0.0079135075211525"
"California","Congressional District 53","0.0773454681038857","0.00888326391577721"
"Florida","Congressional District 19","0.0771844312548637","0.00864903163164854"
"Texas","Congressional District 8","0.0771684944629669","0.00962248258292675"
"California","Congressional District 26","0.0771644040942192","0.00900495704263449"
"Missouri","Congressional District 3","0.077072337269783","0.0089004673063755"
"Ohio","Congressional District 14","0.0770256295800209","0.00813853181898594"
"Texas","Congressional District 10","0.0768379643559456","0.0114702917635441"
"Nebraska","Congressional District 1","0.0761961415410042","0.00819569919258356"
"Minnesota","Congressional District 1","0.0760110095143318","0.00661419332027435"
"California","Congressional District 13","0.0758560225367546","0.00787653680890799"
"Texas","Congressional District 6","0.0756715312600136","0.00974975619465113"
"Texas","Congressional District 31","0.0755312219262123","0.00873541459441185"
"California","Congressional District 32","0.0754716023802757","0.00702936062589288"
"Colorado","Congressional District 1","0.0753737241029739","0.00752399489283562"
"California","Congressional District 19","0.074694849550724","0.00895143207162619"
"Texas","Congressional District 7","0.0746803656220436","0.0123443389311433"
"New York","Congressional District 2","0.0746770352125168","0.00802536588162184"
"Utah","Congressional District 1","0.0745320469141006","0.0066639487631619"
"Texas","Congressional District 32","0.074422299861908","0.00906079821288586"
"Washington","Congressional District 1","0.0742462128400803","0.00956873968243599"
"California","Congressional District 25","0.0739519670605659","0.00754597131162882"
"New Jersey","Congressional District 12","0.0738468915224075","0.00716850394383073"
"Missouri","Congressional District 6","0.0737223997712135","0.00715206284075975"
"California","Congressional District 2","0.0726997032761574","0.00813709944486618"
"Florida","Congressional District 22","0.0722443982958794","0.00821152422577143"
"Florida","Congressional District 4","0.0718436762690544","0.00825133174657822"
"California","Congressional District 5","0.0718034729361534","0.00798714812844992"
"New York","Congressional District 18","0.0707814395427704","0.00856160838156939"
"California","Congressional District 50","0.0704925060272217","0.00979652069509029"
"New Hampshire","Congressional District 1","0.0702284425497055","0.00694347359240055"
"Indiana","Congressional District 4","0.0701429098844528","0.00698179099708796"
"California","Congressional District 11","0.0698607340455055","0.010275418870151"
"North Carolina","Congressional District 4","0.0697732046246529","0.00820288620889187"
"Maryland","Congressional District 5","0.0695766657590866","0.00922024343162775"
"Massachusetts","Congressional District 4","0.069350503385067","0.00903922971338034"
"Alabama","Congressional District 6","0.0692881345748901","0.00935536716133356"
"New Hampshire","Congressional District 2","0.0688503608107567","0.00824790075421333"
"Washington","Congressional District 7","0.0686541423201561","0.00708136614412069"
"California","Congressional District 42","0.0680736526846886","0.00834291148930788"
"Texas","Congressional District 25","0.0671080201864243","0.00807819236069918"
"Kansas","Congressional District 1","0.0652654469013214","0.00742864701896906"
"Illinois","Congressional District 5","0.0651261806488037","0.00654389522969723"
"California","Congressional District 38","0.0647547915577888","0.00711040198802948"
"Virginia","Congressional District 7","0.0647446811199188","0.00784972123801708"
"Virginia","Congressional District 2","0.0644412487745285","0.00785543583333492"
"Massachusetts","Congressional District 5","0.0638473704457283","0.009507623501122"
"Colorado","Congressional District 7","0.0635157898068428","0.00756479147821665"
"New Jersey","Congressional District 4","0.0634933412075043","0.00822680257260799"
"Wyoming","Congressional District (at Large)","0.0630657747387886","0.0087165180593729"
"North Dakota","Congressional District (at Large)","0.0627462044358253","0.00632397597655654"
"Nevada","Congressional District 3","0.0626614168286324","0.00807424448430538"
"Georgia","Congressional District 7","0.0626338049769402","0.00974944420158863"
"California","Congressional District 24","0.0626290813088417","0.00799461361020803"
"Pennsylvania","Congressional District 6","0.0619125626981258","0.00593341048806906"
"Texas","Congressional District 22","0.0618969723582268","0.0099734291434288"
"Wisconsin","Congressional District 5","0.0612829402089119","0.00648248568177223"
"Indiana","Congressional District 5","0.0608322061598301","0.00687757227569818"
"Colorado","Congressional District 6","0.0606413520872593","0.00748528866097331"
"Utah","Congressional District 4","0.0603086724877357","0.00899639260023832"
"California","Congressional District 39","0.0601860657334328","0.00925675127655268"
"California","Congressional District 28","0.060181338340044","0.00777408666908741"
"Illinois","Congressional District 14","0.0596961714327335","0.00984864681959152"
"South Carolina","Congressional District 1","0.0592574253678322","0.00762580893933773"
"Virginia","Congressional District 1","0.0591622516512871","0.00801388919353485"
"Texas","Congressional District 2","0.0588166415691376","0.0089658759534359"
"New York","Congressional District 12","0.0574325732886791","0.00782977044582367"
"Maryland","Congressional District 8","0.0573035217821598","0.00676522264257073"
"New York","Congressional District 1","0.0569289401173592","0.00855250470340252"
"Ohio","Congressional District 16","0.0566883012652397","0.00666387425735593"
"Georgia","Congressional District 11","0.0555466413497925","0.00807453691959381"
"California","Congressional District 4","0.0554730817675591","0.00780519004911184"
"Utah","Congressional District 3","0.0545063577592373","0.00665165344253182"
"Arizona","Congressional District 8","0.0544352494180202","0.00597813772037625"
"California","Congressional District 48","0.0541426427662373","0.00844976678490639"
"Minnesota","Congressional District 2","0.0531719475984573","0.00725854886695743"
"New Jersey","Congressional District 3","0.0529988594353199","0.00793841760605574"
"Arizona","Congressional District 6","0.0524678267538548","0.00562222627922893"
"New York","Congressional District 4","0.0521998219192028","0.00662191491574049"
"Pennsylvania","Congressional District 7","0.0511344783008099","0.00641759904101491"
"Minnesota","Congressional District 6","0.0507697351276875","0.00663986429572105"
"Kansas","Congressional District 3","0.0500698424875736","0.00571970362216234"
"Texas","Congressional District 24","0.049388725310564","0.00721760932356119"
"Arizona","Congressional District 5","0.0493193902075291","0.00644315360113978"
"Pennsylvania","Congressional District 8","0.0485981367528439","0.00630694022402167"
"Colorado","Congressional District 2","0.0474809408187866","0.00611456343904138"
"California","Congressional District 12","0.0467026345431805","0.00635450519621372"
"Michigan","Congressional District 11","0.0463701076805592","0.00637224409729242"
"California","Congressional District 15","0.0448544844985008","0.00811121799051762"
"Texas","Congressional District 21","0.0446747057139874","0.00718890316784382"
"California","Congressional District 49","0.0432280823588371","0.00627743266522884"
"Minnesota","Congressional District 3","0.0428349711000919","0.0072217951528728"
"Texas","Congressional District 26","0.0428158305585384","0.00559963658452034"
"Illinois","Congressional District 6","0.042739249765873","0.00535186659544706"
"Virginia","Congressional District 11","0.0424675978720188","0.00642231805250049"
"California","Congressional District 30","0.0424543917179108","0.00641085626557469"
"New York","Congressional District 3","0.0416208542883396","0.00603773770853877"
"Virginia","Congressional District 8","0.0406043082475662","0.00620683562010527"
"New Jersey","Congressional District 5","0.0395235419273376","0.00491083320230246"
"Georgia","Congressional District 6","0.0385021716356277","0.00618828553706408"
"California","Congressional District 17","0.0377303473651409","0.00710835121572018"
"Virginia","Congressional District 10","0.0364335030317307","0.00579940201714635"
"New Jersey","Congressional District 7","0.0347476974129677","0.00681279320269823"
"Missouri","Congressional District 2","0.0323762930929661","0.0063076252117753"
"California","Congressional District 27","0.0321025885641575","0.00538441259413958"
"California","Congressional District 52","0.0305555649101734","0.00665104854851961"
"California","Congressional District 45","0.0305382832884789","0.00596324726939201"
"California","Congressional District 14","0.0292087104171515","0.00495109055191278"
"New Jersey","Congressional District 11","0.027946138754487","0.00564006296917796"
"Texas","Congressional District 3","0.0250105448067188","0.00547715462744236"
"California","Congressional District 18","0.0237013846635818","0.00533227249979973"
"California","Congressional District 33","0.017794169485569","0.0042983740568161"